"ght_id","url","name","usecase_name","usecase_reason","usecase_activity","detection metric (category:sub-category)","mitigation (category:sub-category:approach)"
"5389884325299015611","https://github.com/srobles09/creating_fair_predictions","creating_fair_predictions","Fairness Impact Tutorial","Generic Learning & Exploration","NA","utility","pre:Resampling:Reweighing"
"845622190353625185","https://github.com/Wehzie/covid-19-ml-fairness","covid-19-ml-fairness","Disease Prediction","Non-generic application","Prediction","utility","NA"
"1978993774954133164","https://github.com/gunnaja/ml_fairness_tradeoffs","ml_fairness_tradeoffs","Fairness Impact Tutorial","Generic Learning & Exploration","NA","utility","pre:Data transformation:Disparate impact remover, pre:Resampling:Reweighing"
"7839940758153604637","https://github.com/andrijaster/FAIR","FAIR","Bias Mitigation Tutorial","Generic Learning & Exploration","NA","utility","NA"
"5447559494624497245","https://github.com/ckadner/ffdl-wsk-pipeline-demo","ffdl-wsk-pipeline-demo","Educational Tutorials","Generic Learning & Exploration","NA","utility","NA"
"6722081018000485282","https://github.com/NewKnowledge/D3M-Fairness-Primitives","D3M-Fairness-Primitives","Monitoring Exploration","Generic Learning & Exploration","NA","NA","post:Probabilistic label change:Reject option classification, pre:Resampling:Reweighing, in:Multi objective optimization:Adversarial debiasing, pre:Data transformation:Learning fair representations, post:Probabilistic label change:Equalized odds, post:Probabilistic label change:Calibrated equalized odds, pre:Data transformation:Disparate impact remover"
"14185577950553908357","https://github.com/iamgroot42/distribution_inference","distribution_inference","Model Security","Non-generic application","Analysis","utility","NA"
"3198238737010809563","https://github.com/apollam/mlolla","mlolla","Detection Exploration","Generic Learning & Exploration","NA","group:separation, group:independence, utility","NA"
"14363324462790237482","https://github.com/VentiAwake/AI-Fairness","AI-Fairness","Bias Mitigation Tutorial","Generic Learning & Exploration","NA","utility","post:Probabilistic label change:Reject option classification, pre:Resampling:Reweighing, in:Regularization:Prejudice remover, post:Probabilistic label change:Calibrated equalized odds, pre:Data transformation:Optimized preprocessing, in:Fairness constraints:Exponentiated gradient reduction, pre:Data transformation:Disparate impact remover"
"1160106793308860137","https://github.com/hhliu79/Fairness","Fairness","Educational Tutorials","Generic Learning & Exploration","NA","utility","post:Probabilistic label change:Reject option classification, pre:Resampling:Reweighing, in:Regularization:Prejudice remover, in:Multi objective optimization:Adversarial debiasing, pre:Data transformation:Learning fair representations, post:Probabilistic label change:Equalized odds, post:Probabilistic label change:Calibrated equalized odds, pre:Data transformation:Optimized preprocessing, pre:Data transformation:Disparate impact remover"
"15154091698137787453","https://github.com/brittjay0104/fairkit-learn","fairkit-learn","Bias Mitigation Tutorial","Generic Learning & Exploration","NA","utility","post:Probabilistic label change:Reject option classification, pre:Resampling:Reweighing, post:Probabilistic label change:Equalized odds, post:Probabilistic label change:Calibrated equalized odds, pre:Data transformation:Disparate impact remover"
"8881735662772490500","https://github.com/JohannesJacob/fairCreditScoring","fairCreditScoring","Monitoring Exploration","Generic Learning & Exploration","NA","utility","post:Probabilistic label change:Reject option classification, in:Fairness constraints:Meta Fair classifier, pre:Resampling:Reweighing, in:Regularization:Prejudice remover, pre:Data transformation:Learning fair representations, in:Multi objective optimization:Adversarial debiasing, post:Probabilistic label change:Equalized odds, post:Probabilistic label change:Calibrated equalized odds, pre:Data transformation:Disparate impact remover"
"11062757412243637809","https://github.com/brittjay0104/ml_fairness_exercise","ml_fairness_exercise","Educational Tutorials","Generic Learning & Exploration","NA","utility","post:Probabilistic label change:Reject option classification, pre:Resampling:Reweighing, post:Probabilistic label change:Equalized odds, post:Probabilistic label change:Calibrated equalized odds, pre:Data transformation:Disparate impact remover"
"13232858511707551158","https://github.com/PracticalFairness/BookRepo","BookRepo","Educational Tutorials","Generic Learning & Exploration","NA","utility","NA"
"5278193645141695368","https://github.com/marinamachado/fairness-preprocessing","fairness-preprocessing","Educational Tutorials","Generic Learning & Exploration","NA","group:separation, group:independence, utility, group_individual","pre:Data transformation:Learning fair representations, pre:Data transformation:Disparate impact remover, pre:Resampling:Reweighing, pre:Data transformation:Optimized preprocessing"
"12765068046235575918","https://github.com/lennertjansen/MSc_Thesis_Econometrics","MSc_Thesis_Econometrics","Detection Exploration","Generic Learning & Exploration","NA","utility","NA"
"17561347304715890019","https://github.com/pernillej/Cost-of-Fairness","Cost-of-Fairness","Fairness Impact Tutorial","Generic Learning & Exploration","NA","utility","pre:Data transformation:Disparate impact remover, pre:Resampling:Reweighing"
"1331761788822195775","https://github.com/KrishnaRJ422/German-Credit-Status","German-Credit-Status","Credit Approval","Non-generic application","Prediction","utility","pre:Data transformation:Disparate impact remover"
"16480520462577722391","https://github.com/IBM/sensitive-subspace-robustness","sensitive-subspace-robustness","Bias Mitigation Tutorial","Generic Learning & Exploration","NA","utility","NA"
"10194658988902391748","https://github.com/Sharinganking555/Reweighing-DIR-in-Machine-Learning","Reweighing-DIR-in-Machine-Learning","Educational Tutorials","Generic Learning & Exploration","NA","NA","pre:Resampling:Reweighing"
"7031581759781534819","https://github.com/maxhort/Fairea","Fairea","Bias Mitigation Tutorial","Generic Learning & Exploration","NA","utility","post:Probabilistic label change:Reject option classification, pre:Resampling:Reweighing, in:Regularization:Prejudice remover, in:Multi objective optimization:Adversarial debiasing, pre:Data transformation:Learning fair representations, post:Probabilistic label change:Equalized odds, post:Probabilistic label change:Calibrated equalized odds, pre:Data transformation:Optimized preprocessing"
"6191934837549684913","https://github.com/tressn/Data_Imputation_COMPAS","Data_Imputation_COMPAS","Educational Tutorials","Generic Learning & Exploration","NA","utility","pre:Resampling:Reweighing"
"5898321192466604731","https://github.com/RossyNguyen/BIT---Healthcare-Bias-Dection-tool","BIT---Healthcare-Bias-Dection-tool","Recommendation","Non-generic application","Prediction","utility","pre:Resampling:Reweighing"
"2915765661245976403","https://github.com/territoriaperti/bias-fairness-study","bias-fairness-study","Educational Tutorials","Generic Learning & Exploration","NA","utility","NA"
"9818814176220460575","https://github.com/jonathanswagner/ML-Bias","ML-Bias","Monitoring Exploration","Generic Learning & Exploration","NA","utility","NA"
"7548891671545945541","https://github.com/ml4sts/sample_impact_of_fair_classifiers","sample_impact_of_fair_classifiers","Educational Tutorials","Generic Learning & Exploration","NA","utility","in:Regularization:Prejudice remover"
"12171627628839193760","https://github.com/julian-zucker/arbiter","arbiter","ML Development Framework","Non-generic application","Operation","utility","in:Multi objective optimization:Adversarial debiasing"
"18359632814032832405","https://github.com/chenzhenpeng18/BiasMitigationStudy","BiasMitigationStudy","Bias Mitigation Tutorial","Generic Learning & Exploration","NA","utility","post:Probabilistic label change:Reject option classification, in:Fairness constraints:Meta Fair classifier, pre:Resampling:Reweighing, in:Regularization:Prejudice remover, in:Multi objective optimization:Adversarial debiasing, pre:Data transformation:Learning fair representations, post:Probabilistic label change:Equalized odds, post:Probabilistic label change:Calibrated equalized odds, pre:Data transformation:Optimized preprocessing, pre:Data transformation:Disparate impact remover"
"16419132114398913712","https://github.com/danladishitu/CE888-7-SP","CE888-7-SP","Action Prediction","Non-generic application","Prediction","utility","in:Regularization:Prejudice remover, pre:Resampling:Reweighing"
"4765862338709495383","https://github.com/Caramel96/AIF360_Bias_Mitigation-police-stop-and-search-project","AIF360_Bias_Mitigation-police-stop-and-search-project","Action Prediction","Non-generic application","Prediction","utility","NA"
"14349949808381442472","https://github.com/pnb/fairfs","fairfs","Monitoring Exploration","Generic Learning & Exploration","NA","NA","pre:Resampling:Reweighing"
"17154066679507346653","https://github.com/Lorcan1/16413092_FYP","16413092_FYP","Educational Tutorials","Generic Learning & Exploration","NA","utility","post:Probabilistic label change:Reject option classification, in:Fairness constraints:Meta Fair classifier, pre:Resampling:Reweighing, in:Regularization:Prejudice remover, post:Probabilistic label change:Equalized odds, post:Probabilistic label change:Calibrated equalized odds, pre:Data transformation:Disparate impact remover"
"12597718442839851436","https://github.com/michael5555/Master-Thesis-Code","Master-Thesis-Code","Bias Mitigation Tutorial","Generic Learning & Exploration","NA","utility","pre:Data transformation:Learning fair representations, pre:Data transformation:Disparate impact remover, pre:Resampling:Reweighing"
"17766926802251565060","https://github.com/ekimetrics/ethical-ai-toolkit","ethical-ai-toolkit","Monitoring Exploration","Generic Learning & Exploration","NA","utility","in:Regularization:Prejudice remover, pre:Data transformation:Disparate impact remover, pre:Resampling:Reweighing"
"17893378812601770559","https://github.com/menglinghan/CECP","CECP","Bias Mitigation Tutorial","Generic Learning & Exploration","NA","utility","NA"
"8835741046279562458","https://github.com/throwaway02062020/INFO381","INFO381","Educational Tutorials","Generic Learning & Exploration","NA","utility","NA"
"2729459722537112878","https://github.com/EugeneGene/tabular-collab-test-repo","tabular-collab-test-repo","Educational Tutorials","Generic Learning & Exploration","NA","utility","NA"
"16467370556843706750","https://github.com/takehigu26/adv_exp_original","adv_exp_original","Educational Tutorials","Generic Learning & Exploration","NA","utility","NA"
"13422478540856273233","https://github.com/fairnesstest/LTDD","LTDD","Bias Mitigation Tutorial","Generic Learning & Exploration","NA","utility","NA"
"17318031394624686081","https://github.com/M-S-Saurabh/ML-Fairness","ML-Fairness","Educational Tutorials","Generic Learning & Exploration","NA","utility","in:Multi objective optimization:Adversarial debiasing, pre:Resampling:Reweighing"
"7887553555715337540","https://github.com/khuf/INFO381","INFO381","Educational Tutorials","Generic Learning & Exploration","NA","utility","NA"
"10335267951630339510","https://github.com/Repoanonymous/Fairness_Metrics","Fairness_Metrics","Educational Tutorials","Generic Learning & Exploration","NA","utility","in:Fairness constraints:Meta Fair classifier, pre:Resampling:Reweighing"
"9604760356801282752","https://github.com/abacusai/intraprocessing_debiasing","intraprocessing_debiasing","Bias Mitigation Tutorial","Generic Learning & Exploration","NA","NA","post:Probabilistic label change:Reject option classification, post:Probabilistic label change:Equalized odds, post:Probabilistic label change:Calibrated equalized odds"
"14762919355535299726","https://github.com/hil-se/FairBalance","FairBalance","Bias Mitigation Tutorial","Generic Learning & Exploration","NA","NA","in:Multi objective optimization:Adversarial debiasing, post:Probabilistic label change:Reject option classification, pre:Resampling:Reweighing"
"6345082520314590522","https://github.com/iamgroot42/FormEstDistRisks","FormEstDistRisks","Model Security","Non-generic application","Analysis","utility","NA"
"14529555366842721463","https://github.com/EugeneGene/beyond_accuracy","beyond_accuracy","Educational Tutorials","Generic Learning & Exploration","NA","utility","NA"
"10005896159380213278","https://github.com/hil-se/fairness","fairness","Bias Mitigation Tutorial","Generic Learning & Exploration","NA","NA","in:Multi objective optimization:Adversarial debiasing, post:Probabilistic label change:Reject option classification, pre:Resampling:Reweighing"
"6463822924060651137","https://github.com/rbhushans/ai-interaction-webapp","ai-interaction-webapp","ML Development Framework","Non-generic application","Operation","utility","NA"
"7711167292125238471","https://github.com/anonymous12138/biasmitigation","biasmitigation","Bias Mitigation Tutorial","Generic Learning & Exploration","NA","utility","pre:Resampling:Reweighing"
"16431387110238224821","https://github.com/DataResponsibly/FairPrep","FairPrep","Bias Mitigation Tutorial","Generic Learning & Exploration","NA","utility","pre:Resampling:Reweighing, in:Multi objective optimization:Adversarial debiasing, pre:Data transformation:Learning fair representations, post:Probabilistic label change:Calibrated equalized odds, pre:Data transformation:Disparate impact remover"
"12443538766938802833","https://github.com/rngrant/520-DAVAR-Project","520-DAVAR-Project","Educational Tutorials","Generic Learning & Exploration","NA","NA","pre:Data transformation:Disparate impact remover, post:Probabilistic label change:Calibrated equalized odds"
"2909215469334795188","https://github.com/CinnyLin/bias-ai","bias-ai","Risk Detection","Non-generic application","Prediction","NA","in:Multi objective optimization:Adversarial debiasing, post:Probabilistic label change:Calibrated equalized odds, pre:Resampling:Reweighing"
"17481461572655665080","https://github.com/Call-for-Code-for-Racial-Justice/bias-detection-engine","bias-detection-engine","Detection Exploration","Generic Learning & Exploration","NA","group:independence, individual, utility","NA"
"12784094313414129012","https://github.com/Olu93/project_human_centered_machine_learning_assignment_programming","project_human_centered_machine_learning_assignment_programming","Educational Tutorials","Generic Learning & Exploration","NA","utility","post:Probabilistic label change:Equalized odds, pre:Resampling:Reweighing"
"17495874799746534861","https://github.com/debarghya-mukherjee/Fair_metric_learning","Fair_metric_learning","Educational Tutorials","Generic Learning & Exploration","NA","utility","NA"
"11134269255034799140","https://github.com/andre-motta/sin21","sin21","Educational Tutorials","Generic Learning & Exploration","NA","utility","in:Multi objective optimization:Adversarial debiasing, in:Fairness constraints:Exponentiated gradient reduction, pre:Resampling:Reweighing, pre:Data transformation:Optimized preprocessing"
"6178409159567435633","https://github.com/cesarojuliana/feature_importance_fairness","feature_importance_fairness","Bias Mitigation Tutorial","Generic Learning & Exploration","NA","utility","NA"
"11990054037020011101","https://github.com/JohannesJacob/Fairness_CreditScoring","Fairness_CreditScoring","Credit Approval","Non-generic application","Prediction","utility","post:Probabilistic label change:Reject option classification, in:Fairness constraints:Meta Fair classifier, pre:Resampling:Reweighing, in:Regularization:Prejudice remover, pre:Data transformation:Learning fair representations, in:Multi objective optimization:Adversarial debiasing, pre:Data transformation:Disparate impact remover"
"9772041671911990364","https://github.com/thomasbhard/utk-fairness-analysis","utk-fairness-analysis","Monitoring Service","Non-generic application","Prediction","utility","NA"
"6484205128742661054","https://github.com/umarmohammed/mortgage-data-modify","mortgage-data-modify","Credit Approval","Non-generic application","Prediction","utility","NA"
"18267721171435460896","https://github.com/luvsin27/Assignments","Assignments","ML Development Framework","Non-generic application","Operation","utility","NA"
"8289910226820933617","https://github.com/datacraft-paris/ethical-ai-toolkit","ethical-ai-toolkit","Monitoring Exploration","Generic Learning & Exploration","NA","utility","in:Regularization:Prejudice remover, pre:Data transformation:Disparate impact remover, pre:Resampling:Reweighing"
"11472454373246770303","https://github.com/manishpandit/recidivism","recidivism","Risk Detection","Non-generic application","Prediction","utility","in:Regularization:Prejudice remover, pre:Resampling:Reweighing"
"13825565885576696747","https://github.com/WesDeng/Recidivism_Exp","Recidivism_Exp","Risk Detection","Non-generic application","Prediction","utility","NA"
"3900793887483571485","https://github.com/IBM/lale","lale","ML Development Framework","Non-generic application","Operation","NA","post:Probabilistic label change:Reject option classification, in:Fairness constraints:Meta Fair classifier, pre:Resampling:Reweighing, in:Regularization:Prejudice remover, in:Multi objective optimization:Adversarial debiasing, in:Fairness constraints:Gerry Fair classifier, pre:Data transformation:Learning fair representations, post:Probabilistic label change:Equalized odds, post:Probabilistic label change:Calibrated equalized odds, pre:Data transformation:Optimized preprocessing, pre:Data transformation:Disparate impact remover"
"17434784816592755459","https://github.com/h3seas0n/aifairness_ja","aifairness_ja","Monitoring Exploration","Generic Learning & Exploration","NA","utility","pre:Resampling:Reweighing"
"12936324780099179737","https://github.com/KenSciResearch/fairMLHealth","fairMLHealth","Monitoring Exploration","Generic Learning & Exploration","NA","utility","NA"
"10321510012814564390","https://github.com/benfaria/MSc-Project","MSc-Project","Monitoring Exploration","Generic Learning & Exploration","NA","utility","NA"
"1124453550351464735","https://github.com/KrisNguyen135/FairBayesianOpt","FairBayesianOpt","Fairness Impact Tutorial","Generic Learning & Exploration","NA","utility","NA"
"14742106807595129632","https://github.com/danladishitu/My_Portfolio","My_Portfolio","Action Prediction","Non-generic application","Prediction","utility","in:Regularization:Prejudice remover, pre:Resampling:Reweighing"
"16372938679430784908","https://github.com/andrijaster/Fairness-AC-ADV","Fairness-AC-ADV","Bias Mitigation Tutorial","Generic Learning & Exploration","NA","utility","in:Fairness constraints:Meta Fair classifier, pre:Resampling:Reweighing, in:Regularization:Prejudice remover, pre:Data transformation:Learning fair representations, pre:Data transformation:Disparate impact remover"
"569006401811520168","https://github.com/ritabandutta13/CE888","CE888","Educational Tutorials","Generic Learning & Exploration","NA","NA","pre:Data transformation:Disparate impact remover"
"13910636294836830811","https://github.com/basisai/credit-risk","credit-risk","Credit Approval","Non-generic application","Prediction","utility","NA"
"3270568036376038743","https://github.com/IBM/Trusted-ML-Pipelines","Trusted-ML-Pipelines","Deployment","Non-generic application","Operation","utility","NA"
"6439095227937626829","https://github.com/MinerYang/DataSceince6105","DataSceince6105","Educational Tutorials","Generic Learning & Exploration","NA","utility","NA"
"1147439847127895601","https://github.com/boPei/AI","AI","Educational Tutorials","Generic Learning & Exploration","NA","utility","NA"
"13854315367115174795","https://github.com/Caramel96/Data-Science","Data-Science","Educational Tutorials","Generic Learning & Exploration","NA","utility","NA"
"17443816579060324367","https://github.com/Benqalu/fairness-auto-learning","fairness-auto-learning","Bias Mitigation Tutorial","Generic Learning & Exploration","NA","utility","post:Probabilistic label change:Reject option classification, pre:Resampling:Reweighing, pre:Data transformation:Learning fair representations, post:Probabilistic label change:Equalized odds, post:Probabilistic label change:Calibrated equalized odds, pre:Data transformation:Optimized preprocessing, pre:Data transformation:Disparate impact remover"
"12678368064685269228","https://github.com/vsahil/influence-duplicate","influence-duplicate","Monitoring Service","Non-generic application","Analysis","utility","in:Multi objective optimization:Adversarial debiasing, pre:Data transformation:Learning fair representations, pre:Data transformation:Disparate impact remover"
"11195151395794127759","https://github.com/kserve/kserve","kserve","Monitoring Service","Non-generic application","Analysis","utility","NA"
"6999435373706036744","https://github.com/Humboldt-WI/dissertations","dissertations","Credit Approval","Non-generic application","Prediction","utility","post:Probabilistic label change:Reject option classification, in:Fairness constraints:Meta Fair classifier, pre:Resampling:Reweighing, in:Regularization:Prejudice remover, pre:Data transformation:Learning fair representations, in:Multi objective optimization:Adversarial debiasing, pre:Data transformation:Disparate impact remover"
"16113483945003152079","https://github.com/aistairc/qunomon","qunomon","Monitoring Service","Non-generic application","Analysis","utility","NA"
"18404527480401734784","https://github.com/paola-md/dpa_rita","dpa_rita","Flight Cancellation Service","Non-generic application","Prediction","utility","NA"
"17694923562554913282","https://github.com/Millan13/dpa_equipo2","dpa_equipo2","Flight Cancellation Service","Non-generic application","Prediction","utility","NA"
"6572848073985700560","https://github.com/rafaelortegar/Proyecto1_IDS_2020","Proyecto1_IDS_2020","Educational Tutorials","Generic Learning & Exploration","NA","utility","NA"
"11306769728711751517","https://github.com/dsp-uga/team-mangalyaan","team-mangalyaan","Educational Tutorials","Generic Learning & Exploration","NA","utility, subgroup","in:Fairness constraints:Gerry Fair classifier"
"15564396007529945662","https://github.com/tugrulguner/udacity_deployment_project","udacity_deployment_project","Monetary Compensation","Non-generic application","Prediction","utility","NA"
"1794588820163148078","https://github.com/arguz95/Project_ML2","Project_ML2","Insolvency Prediction","Non-generic application","Prediction","utility","NA"
"10551318615219144162","https://github.com/satejsoman/chicago-business-viability","chicago-business-viability","Failure Prediction","Non-generic application","Prediction","utility","NA"
"11893901486846615635","https://github.com/AnaTorresR/DPA-food_inspections","DPA-food_inspections","Policy Violation Service","Non-generic application","Prediction","utility","NA"
"5016921108254440463","https://github.com/santibatte/dpa_2021","dpa_2021","Policy Violation Service","Non-generic application","Prediction","utility","NA"
"342182205625400012","https://github.com/Acturio/DPA-Project","DPA-Project","Policy Violation Service","Non-generic application","Prediction","utility","NA"
"12980928920911808049","https://github.com/sancas96/DPA-Chicago-VLIN","DPA-Chicago-VLIN","Policy Violation Service","Non-generic application","Prediction","utility","NA"
"4051578895014583476","https://github.com/DorelyMS/data-product-architecture","data-product-architecture","Policy Violation Service","Non-generic application","Prediction","utility","NA"
"9973614131546461316","https://github.com/oscarall/proyecto-dpa","proyecto-dpa","Policy Violation Service","Non-generic application","Prediction","utility","NA"
"2716640464233346760","https://github.com/jlrzarcor/ITAM-dpa2021","ITAM-dpa2021","Policy Violation Service","Non-generic application","Prediction","utility","NA"
"13432670256636764504","https://github.com/dpa-2020-equipo-5/dpa-2020","dpa-2020","Policy Violation Service","Non-generic application","Prediction","utility","NA"
"11736916867898760602","https://github.com/caroacostatovany/food_inspection_DPA","food_inspection_DPA","Policy Violation Service","Non-generic application","Prediction","utility","NA"
"4595241660254709050","https://github.com/lechugaa/dpa-project","dpa-project","Policy Violation Service","Non-generic application","Prediction","utility","NA"
"15314281513809084679","https://github.com/ajbisberg/csci631","csci631","Monitoring Service","Non-generic application","Analysis","group:separation, group:independence","NA"
"15754085590849390645","https://github.com/philippschmalen/scalable-ML-pipeline","scalable-ML-pipeline","Deployment","Non-generic application","Operation","group:separation, group:independence, utility","NA"
"17687082566885984318","https://github.com/ArquitecturaProductoDatos7/Diseno_producto_de_datos-","Diseno_producto_de_datos-","Monitoring Service","Non-generic application","Prediction","utility","NA"
"3737075640447027894","https://github.com/caroacostatovany/accidentes-viales-CDMX","accidentes-viales-CDMX","Monitoring Service","Non-generic application","Prediction","utility","NA"
"477713637873331439","https://github.com/robperch/intro_to_ds_project","intro_to_ds_project","Monitoring Service","Non-generic application","Prediction","utility","NA"
"18440016843811895589","https://github.com/konanaif/Kaif","Kaif","Educational Tutorials","Generic Learning & Exploration","NA","utility","post:Probabilistic label change:Reject option classification, in:Fairness constraints:Meta Fair classifier, pre:Resampling:Reweighing, in:Regularization:Prejudice remover, in:Multi objective optimization:Adversarial debiasing, in:Fairness constraints:Gerry Fair classifier, pre:Data transformation:Learning fair representations, post:Probabilistic label change:Equalized odds, post:Probabilistic label change:Calibrated equalized odds, pre:Data transformation:Disparate impact remover"
"11889658047431638922","https://github.com/tvkpz/ml-innovate-2021","ml-innovate-2021","Educational Tutorials","Generic Learning & Exploration","NA","group:separation, group:independence, utility","NA"
"600940927958139915","https://github.com/jpauloqueiroz/Google_ML_Crash_Course","Google_ML_Crash_Course","Educational Tutorials","Generic Learning & Exploration","NA","utility","NA"
"5857679365704398774","https://github.com/ricefields/udacity-project3","udacity-project3","Educational Tutorials","Generic Learning & Exploration","NA","utility","NA"
"8360199889652394827","https://github.com/smaityumich/self-training","self-training","Risk Detection","Non-generic application","Prediction","group:separation","in:Fairness constraints:Exponentiated gradient reduction"
"9127794997309139965","https://github.com/Ramanathi/689-fairness","689-fairness","Educational Tutorials","Generic Learning & Exploration","NA","group:separation","in:Fairness constraints:Exponentiated gradient reduction"
"557468078253034314","https://github.com/mei28/playground_python","playground_python","Educational Tutorials","Generic Learning & Exploration","NA","utility","NA"
"6298548526393121608","https://github.com/Parity-dev/parity-package","parity-package","Educational Tutorials","Generic Learning & Exploration","NA","group:separation, group:independence, utility","post:Probabilistic label change:Reject option classification, pre:Resampling:Reweighing, in:Regularization:Prejudice remover, in:Multi objective optimization:Adversarial debiasing, pre:Data transformation:Learning fair representations, post:Probabilistic label change:Equalized odds, post:Probabilistic label change:Calibrated equalized odds, pre:Data transformation:Disparate impact remover, in:Fairness constraints:Grid search reduction"
"9494400566749589691","https://github.com/Rishit-dagli/FairLearn-Demos","FairLearn-Demos","Educational Tutorials","Generic Learning & Exploration","NA","group:separation, group:independence","in:Fairness constraints:Grid search reduction"
"15720239872984631563","https://github.com/Temp-FL/FL","FL","Educational Tutorials","Generic Learning & Exploration","NA","group:separation, group:independence","in:Fairness constraints:Grid search reduction"
"14578464724022595901","https://github.com/fundsan/census_project","census_project","Educational Tutorials","Generic Learning & Exploration","NA","utility","NA"
"1660683225655145486","https://github.com/lgfunderburk/Fairlearn-es","Fairlearn-es","Educational Tutorials","Generic Learning & Exploration","NA","group:separation, group:independence, utility, group:sufficiency","pre:Data transformation:Correlation remover, post:Probabilistic label change:Equalized odds, in:Fairness constraints:Exponentiated gradient reduction, in:Fairness constraints:Grid search reduction"
"9776703867123665614","https://github.com/marinamachado/fairness-experiments","fairness-experiments","Educational Tutorials","Generic Learning & Exploration","NA","group:separation, group:independence, utility","pre:Data transformation:Learning fair representations, pre:Data transformation:Disparate impact remover, pre:Resampling:Reweighing"
"4853895985645606635","https://github.com/agarwalmanvi/ML18","ML18","Educational Tutorials","Generic Learning & Exploration","NA","utility","in:Multi objective optimization:Adversarial debiasing, in:Regularization:Prejudice remover, pre:Resampling:Reweighing"
"10622769250491833052","https://github.com/dendevel/debiasing-in-machine-learning","debiasing-in-machine-learning","Educational Tutorials","Generic Learning & Exploration","NA","group:separation","NA"
"8277971126386910133","https://github.com/Temp-FL/Docs","Docs","Educational Tutorials","Generic Learning & Exploration","NA","group:separation, group:independence, utility","post:Probabilistic label change:Equalized odds, in:Fairness constraints:Exponentiated gradient reduction, in:Fairness constraints:Grid search reduction"
"6402470338232570207","https://github.com/StrataFairnessTutorial/DemoCode","DemoCode","Credit Approval","Non-generic application","Prediction","utility","NA"
"14716650192847787168","https://github.com/lgfunderburk/fairlearn-es.github.io","fairlearn-es.github.io","Educational Tutorials","Generic Learning & Exploration","NA","group:separation, group:independence, utility","post:Probabilistic label change:Equalized odds, in:Fairness constraints:Exponentiated gradient reduction, in:Fairness constraints:Grid search reduction"
"15888337576502200928","https://github.com/raphaelletseng/bias-mitigation-sgd","bias-mitigation-sgd","Educational Tutorials","Generic Learning & Exploration","NA","group:separation, group:independence, utility","NA"
"310045447988037737","https://github.com/smaityumich/iftest","iftest","Educational Tutorials","Generic Learning & Exploration","NA","group:separation, utility","in:Fairness constraints:Exponentiated gradient reduction, pre:Resampling:Reweighing"
"12196362936183088870","https://github.com/PayjPan/Ethique","Ethique","Educational Tutorials","Generic Learning & Exploration","NA","utility","post:Probabilistic label change:Calibrated equalized odds, pre:Resampling:Reweighing"
"8408945108028599724","https://github.com/DataWorkz-NL/fairtalk","fairtalk","Educational Tutorials","Generic Learning & Exploration","NA","utility","post:Probabilistic label change:Equalized odds"
"9874308588545961297","https://github.com/wajrcs-de/Fairness-aware-Machine-Learning","Fairness-aware-Machine-Learning","Educational Tutorials","Generic Learning & Exploration","NA","utility","NA"
"15733223225448095839","https://github.com/sammcwilliams/XAI","XAI","Educational Tutorials","Generic Learning & Exploration","NA","utility","NA"
"8180687400358243589","https://github.com/knakatani29/Interpretability-drp","Interpretability-drp","Educational Tutorials","Generic Learning & Exploration","NA","NA","pre:Data transformation:Disparate impact remover"
"7418927609170313988","https://github.com/fairlearn/fairlearn.github.io","fairlearn.github.io","Educational Tutorials","Generic Learning & Exploration","NA","group:separation, group:independence, utility","post:Probabilistic label change:Equalized odds, in:Fairness constraints:Exponentiated gradient reduction, in:Fairness constraints:Grid search reduction"
"4713704757128185092","https://github.com/SotArchontas/AutoML","AutoML","ML Development Framework","Non-generic application","Operation","group:separation, group:independence, utility, group:sufficiency","in:Fairness constraints:Grid search reduction"
"4620618630029653750","https://github.com/henriquepeixoto/Data-science-cool-stuff","Data-science-cool-stuff","Educational Tutorials","Generic Learning & Exploration","NA","utility","NA"
"2049467675191428735","https://github.com/modelop/academy-assets","academy-assets","Credit Approval","Non-generic application","Prediction","utility","NA"
"5255803287721353778","https://github.com/modelop/consumer-credit-drift-demo","consumer-credit-drift-demo","Monitoring Service","Non-generic application","Analysis","utility","NA"
"6962044218499940049","https://github.com/mikelemikelo/german_credit_python","german_credit_python","Credit Approval","Non-generic application","Prediction","utility","NA"
"3201277239679823917","https://github.com/modelop/consumer-credit-xgboost-demo","consumer-credit-xgboost-demo","Credit Approval","Non-generic application","Prediction","utility","NA"
"4498444435370448963","https://github.com/daniel4x/MLOpsBiasReduction","MLOpsBiasReduction","Educational Tutorials","Generic Learning & Exploration","NA","utility","pre:Data transformation:Optimized preprocessing, pre:Data transformation:Disparate impact remover, pre:Resampling:Reweighing"
"9633157423201741177","https://github.com/alliesaizan/classification-bias-experiment","classification-bias-experiment","Credit Approval","Non-generic application","Prediction","group:separation, utility","NA"
"16004844638334402120","https://github.com/gauravsatav/azuremlSolution","azuremlSolution","Disease Prediction","Non-generic application","Prediction","group:separation, utility","in:Fairness constraints:Grid search reduction"
"11172202199392598893","https://github.com/mbunse/mlcomops","mlcomops","Survivability Prediction","Generic Learning & Exploration","NA","group:separation, utility","in:Fairness constraints:Grid search reduction"
"14316269942417512578","https://github.com/lukasheide/FairClassification---Seminar---COMPAS","FairClassification---Seminar---COMPAS","Risk Detection","Non-generic application","Prediction","NA","in:Multi objective optimization:Adversarial debiasing, post:Probabilistic label change:Calibrated equalized odds, pre:Resampling:Reweighing"
"16741549461433566369","https://github.com/LesterZ819/Responsible-AI-Team","Responsible-AI-Team","Educational Tutorials","Generic Learning & Exploration","NA","utility","pre:Resampling:Reweighing"
"12708511747444052790","https://github.com/ssysarch/arl_privacy","arl_privacy","Educational Tutorials","Generic Learning & Exploration","NA","group:independence","NA"
"5951986663901200927","https://github.com/salilkanitkar/responsible_ai_hackathon","responsible_ai_hackathon","Advertisement Strategy","Non-generic application","Prediction","utility","pre:Resampling:Reweighing"
"17938082753030076001","https://github.com/maliha93/Fairness-Analysis-Code","Fairness-Analysis-Code","Fairness Impact Tutorial","Generic Learning & Exploration","NA","group:separation, group:independence, utility","post:Probabilistic label change:Reject option classification, in:Fairness constraints:Meta Fair classifier, pre:Resampling:Reweighing, in:Fairness constraints:Gerry Fair classifier, in:Multi objective optimization:Adversarial debiasing, pre:Data transformation:Optimized preprocessing, pre:Data transformation:Disparate impact remover"
"17631339168793268698","https://github.com/Faldict/fair-classification-with-noisy-labels","fair-classification-with-noisy-labels","Bias Mitigation Tutorial","Generic Learning & Exploration","NA","group:separation, utility","in:Fairness constraints:Exponentiated gradient reduction, in:Fairness constraints:Grid search reduction"
"17804205799673675100","https://github.com/uknowwho/fairness-thesis","fairness-thesis","Bias Mitigation Tutorial","Generic Learning & Exploration","NA","group:separation, group:independence","post:Probabilistic label change:Reject option classification, post:Probabilistic label change:Equalized odds, in:Fairness constraints:Exponentiated gradient reduction"
"4221209883268580614","https://github.com/AukjeE/MasterThesis","MasterThesis","Bias Mitigation Tutorial","Generic Learning & Exploration","NA","group:separation, utility","in:Multi objective optimization:Adversarial debiasing, pre:Relabelling:Relabelling, pre:Resampling:Reweighing"
"4755704726681883924","https://github.com/ElementAI/active-fairness","active-fairness","Bias Mitigation Tutorial","Generic Learning & Exploration","NA","group:separation, group:independence, utility","NA"
"18010706409675536839","https://github.com/predictive-analytics-lab/FUDS_experiments","FUDS_experiments","Detection Exploration","Generic Learning & Exploration","NA","group:separation, utility, group:sufficiency","in:Fairness constraints:Meta Fair classifier, pre:Resampling:Reweighing, in:Fairness constraints:Gerry Fair classifier, pre:Data transformation:Learning fair representations, post:Probabilistic label change:Equalized odds, post:Probabilistic label change:Calibrated equalized odds"
"3467557435021088036","https://github.com/Faldict/FairPrune","FairPrune","Bias Mitigation Tutorial","Generic Learning & Exploration","NA","group:separation, group:independence","pre:Resampling:Reweighing, in:Fairness constraints:Grid search reduction"
"17819745850753998832","https://github.com/frstyang/fairness-with-overlapping-groups","fairness-with-overlapping-groups","Bias Mitigation Tutorial","Generic Learning & Exploration","NA","NA","in:Fairness constraints:Gerry Fair classifier"
"13576730696434455435","https://github.com/safwanhossain/strategic_fairness","strategic_fairness","Bias Mitigation Tutorial","Generic Learning & Exploration","NA","NA","post:Probabilistic label change:Equalized odds"
"1432446417471857763","https://github.com/olliethomas/extinct-dino","extinct-dino","Bias Mitigation Tutorial","Generic Learning & Exploration","NA","utility, group:sufficiency","NA"
"16794188954131797858","https://github.com/jessica-dai/distributional-fairness","distributional-fairness","Bias Mitigation Tutorial","Generic Learning & Exploration","NA","group:separation, utility","NA"
"10890624682715285755","https://github.com/resulknad/fair-sim","fair-sim","Fairness Impact Tutorial","Generic Learning & Exploration","NA","group:independence, utility","post:Probabilistic label change:Reject option classification, post:Probabilistic label change:Equalized odds, pre:Resampling:Reweighing"
"15383122908499490039","https://github.com/gitforreview/dsaa_journal_review","dsaa_journal_review","Fairness Impact Tutorial","Generic Learning & Exploration","NA","utility","pre:Data transformation:Optimized preprocessing"
"2221178405511570622","https://github.com/TURuibo/long-term-impact-of-fairness-constraints","long-term-impact-of-fairness-constraints","Fairness Impact Tutorial","Generic Learning & Exploration","NA","NA","post:Probabilistic label change:Equalized odds"
"6600385709258148773","https://github.com/realityengines/post_hoc_debiasing","post_hoc_debiasing","Bias Mitigation Tutorial","Generic Learning & Exploration","NA","utility","post:Probabilistic label change:Reject option classification, post:Probabilistic label change:Equalized odds, post:Probabilistic label change:Calibrated equalized odds"
"8119489522796466604","https://github.com/privacytrustlab/adversarial_bias","adversarial_bias","Bias Mitigation Tutorial","Generic Learning & Exploration","NA","NA","post:Probabilistic label change:Equalized odds, in:Fairness constraints:Exponentiated gradient reduction"
"16211200632483543363","https://github.com/giordanoDaloisio/demv2022","demv2022","Bias Mitigation Tutorial","Generic Learning & Exploration","NA","utility","NA"
"4745344987211628508","https://github.com/LauJohansson/Bias-in-machine-learning","Bias-in-machine-learning","Bias Mitigation Tutorial","Generic Learning & Exploration","NA","utility","pre:Data transformation:Learning fair representations, post:Probabilistic label change:Calibrated equalized odds, post:Probabilistic label change:Equalized odds, pre:Data transformation:Disparate impact remover"
"3820361520850808593","https://github.com/umgupta/fairness-via-contrastive-estimation","fairness-via-contrastive-estimation","Bias Mitigation Tutorial","Generic Learning & Exploration","NA","group:independence","NA"
"11771362971174838959","https://github.com/Gitiauxx/audit_fairness","audit_fairness","Monitoring Exploration","Generic Learning & Exploration","NA","group:separation, utility","pre:Data transformation:Disparate impact remover"
"7542568314107399412","https://github.com/predictive-analytics-lab/nifr","nifr","Bias Mitigation Tutorial","Generic Learning & Exploration","NA","utility, group:sufficiency, group_individual","NA"
"17791507164671604615","https://github.com/lacava/fair_gp","fair_gp","Bias Mitigation Tutorial","Generic Learning & Exploration","NA","subgroup","in:Fairness constraints:Gerry Fair classifier, in:Fairness constraints:Grid search reduction"
"11441233708704452492","https://github.com/smaityumich/individual-fairness-testing","individual-fairness-testing","Bias Mitigation Tutorial","Generic Learning & Exploration","NA","group:separation, group:independence, group:sufficiency","in:Fairness constraints:Exponentiated gradient reduction"
"10462424073861165481","https://github.com/tenazatto/MsC","MsC","Bias Mitigation Tutorial","Generic Learning & Exploration","NA","utility","post:Probabilistic label change:Reject option classification, in:Fairness constraints:Meta Fair classifier, pre:Resampling:Reweighing, in:Regularization:Prejudice remover, in:Multi objective optimization:Adversarial debiasing, in:Fairness constraints:Gerry Fair classifier, post:Probabilistic label change:Equalized odds, post:Probabilistic label change:Calibrated equalized odds, pre:Data transformation:Optimized preprocessing, in:Fairness constraints:Exponentiated gradient reduction, pre:Data transformation:Disparate impact remover, in:Fairness constraints:Grid search reduction"
"13673005250906066128","https://github.com/anonymous-iclr-3518/code-for-submission","code-for-submission","Bias Mitigation Tutorial","Generic Learning & Exploration","NA","utility, group:sufficiency","pre:Resampling:Reweighing"
"11929199729486775655","https://github.com/pinkvelvet9/snobpaper","snobpaper","Bias Mitigation Tutorial","Generic Learning & Exploration","NA","group:sufficiency","in:Fairness constraints:Exponentiated gradient reduction"
"11690893987367782970","https://github.com/CDEIUK/bias-mitigation","bias-mitigation","Monitoring Exploration","Generic Learning & Exploration","NA","group:independence","NA"
"15766102884742280900","https://github.com/UCLA-StarAI/FairPC.jl","FairPC.jl","Bias Mitigation Tutorial","Generic Learning & Exploration","NA","group:independence","in:Fairness constraints:Exponentiated gradient reduction"
"5550042014014335433","https://github.com/datalab-georgetown/fairness-and-missing-values","fairness-and-missing-values","Bias Mitigation Tutorial","Generic Learning & Exploration","NA","utility","pre:Data transformation:Optimized preprocessing"
"10483799652997488367","https://github.com/MaurizioPulizzi/fairsd","fairsd","Bias Mitigation Tutorial","Generic Learning & Exploration","NA","group:independence, utility","NA"
"15867458097600470972","https://github.com/aivodji/characterizing_fairwashing","characterizing_fairwashing","Bias Mitigation Tutorial","Generic Learning & Exploration","NA","group:separation, group:independence, group:sufficiency","in:Fairness constraints:Exponentiated gradient reduction"
"16759031375868216518","https://github.com/tridungduong16/counterfactual_fairness_game_theoretic","counterfactual_fairness_game_theoretic","Bias Mitigation Tutorial","Generic Learning & Exploration","NA","utility","in:Fairness constraints:Gerry Fair classifier, in:Fairness constraints:Meta Fair classifier"
"8399921188588316424","https://github.com/teresalazar13/FAWOS","FAWOS","Bias Mitigation Tutorial","Generic Learning & Exploration","NA","utility","NA"
"6450011260903952556","https://github.com/merhi-odg/german_credit","german_credit","Credit Approval","Non-generic application","Prediction","utility","NA"
"17613119437559179266","https://github.com/ispamm/FairDrop","FairDrop","Bias Mitigation Tutorial","Generic Learning & Exploration","NA","group:separation, group:independence","NA"
"8449142081634402962","https://github.com/by1tTZ4IsQkAO80F/fair-ehr","fair-ehr","Disease Prediction","Non-generic application","Prediction","utility","in:Multi objective optimization:Adversarial debiasing, in:Fairness constraints:Gerry Fair classifier, post:Probabilistic label change:Calibrated equalized odds, pre:Resampling:Reweighing"
"16324876825003960148","https://github.com/ChunaraLab/medshifts","medshifts","Monitoring Service","Non-generic application","Analysis","group:separation, group:independence, utility","NA"
"16660752686508765069","https://github.com/pete-rodrigue/recidivism_project","recidivism_project","Risk Detection","Non-generic application","Prediction","utility","NA"
"8885940458581959864","https://github.com/eliasbenussi/nn-cert-individual-fairness","nn-cert-individual-fairness","ML Development Framework","Non-generic application","Operation","group:separation, group:independence","NA"
"2498143046571468627","https://github.com/raphaelletseng/fairlearn-pytorch","fairlearn-pytorch","ML Development Framework","Non-generic application","Operation","group:separation, group:independence","in:Fairness constraints:Grid search reduction"
"692191061709217629","https://github.com/JFChi/Understanding-and-Mitigating-Accuracy-Disparity-in-Regression","Understanding-and-Mitigating-Accuracy-Disparity-in-Regression","Fairness Impact Tutorial","Generic Learning & Exploration","NA","utility","NA"
"17953842867554903892","https://github.com/wmonteiro92/fairvotingclassifier","fairvotingclassifier","Bias Mitigation Tutorial","Generic Learning & Exploration","NA","NA","post:Probabilistic label change:Equalized odds"
"13418113820355629985","https://github.com/aivodji/LaundryML","LaundryML","Deployment","Non-generic application","Operation","utility","NA"
"959495430783043288","https://github.com/mrateike/fair_minimonster","fair_minimonster","ML Development Framework","Non-generic application","Operation","group:independence, utility","in:Fairness constraints:Exponentiated gradient reduction"
"2399298037564391885","https://github.com/MartaMarchiori/FairShades","FairShades","Language Analysis","Non-generic application","Analysis","utility","NA"
"352951637729985618","https://github.com/johntiger1/multimodal_fairness","multimodal_fairness","Language Analysis","Non-generic application","Prediction","NA","post:Probabilistic label change:Equalized odds"
"8987704176639961380","https://github.com/spring-epfl/disparate-vulnerability","disparate-vulnerability","Model Security","Non-generic application","Analysis","group:separation, group:independence","post:Probabilistic label change:Equalized odds, in:Fairness constraints:Exponentiated gradient reduction"
"11816540328950144311","https://github.com/YusuriAR/Incidentes_c5","Incidentes_c5","Traffic Handler Service","Non-generic application","Prediction","utility","NA"
"5517889041609252708","https://github.com/merhi-odg/german_credit_data_drift_detector","german_credit_data_drift_detector","Monitoring Service","Non-generic application","Analysis","utility","NA"
"4606840350412768817","https://github.com/modelop/german_credit_data_drift_detector_spark","german_credit_data_drift_detector_spark","Monitoring Service","Non-generic application","Analysis","utility","NA"
"13882190690851921059","https://github.com/modelop/baseline_drift_detection","baseline_drift_detection","Monitoring Service","Non-generic application","Analysis","utility","NA"
"12878125950288000809","https://github.com/microsoft/OpenEduAnalytics","OpenEduAnalytics","Detection Service","Non-generic application","Analysis","utility","NA"
"3713241850269372068","https://github.com/dssg/hiv-retention-public","hiv-retention-public","Patient Retention","Non-generic application","Prediction","utility","NA"
"606706994948819956","https://github.com/drskaf/EHR-Prediction-Model-with-Tensorflow","EHR-Prediction-Model-with-Tensorflow","Disease Prediction","Non-generic application","Prediction","utility","NA"
"11551262473426284736","https://github.com/shimaohajime/contractor-prediction","contractor-prediction","Legal Status Prediction","Non-generic application","Prediction","group:separation, group:independence","in:Fairness constraints:Exponentiated gradient reduction"
"8904119893753091374","https://github.com/kratikanaskulwar/Mitacs-Verafin-Internship","Mitacs-Verafin-Internship","Fraud Detection","Non-generic application","Prediction","utility","NA"
"6488686335974577392","https://github.com/alan-turing-institute/DSSG19-DNCP-PUBLIC","DSSG19-DNCP-PUBLIC","Risk Detection","Non-generic application","Prediction","utility","NA"
"8700922082217007469","https://github.com/merhi-odg/german_credit_model_evaluator","german_credit_model_evaluator","Monitoring Service","Non-generic application","Analysis","utility","NA"
"3804542304343567290","https://github.com/merhi-odg/german_credit_concept_drift_detector","german_credit_concept_drift_detector","Monitoring Service","Non-generic application","Analysis","utility","NA"
"12805052577306497877","https://github.com/credo-ai/credoai_lens","credoai_lens","Monitoring Exploration","Generic Learning & Exploration","NA","group:separation, group:independence, utility","NA"
"6515814329078466816","https://github.com/FairWell-dev/FairWell","FairWell","Monitoring Exploration","Generic Learning & Exploration","NA","group:separation, group:independence, utility","NA"
"2086586010322876315","https://github.com/cesarojuliana/feature_importance_fairness_pt2","feature_importance_fairness_pt2","Detection Exploration","Generic Learning & Exploration","NA","utility","pre:Resampling:Reweighing"
"13968001120631532667","https://github.com/tensorflow/model-analysis","model-analysis","Monitoring Service","Non-generic application","Analysis","utility","NA"
"943509681705935050","https://github.com/neptune-ai/neptune-contrib","neptune-contrib","Monitoring Service","Non-generic application","Analysis","utility","NA"
"6764011667031451351","https://github.com/microsoft/responsible-ai-toolbox","responsible-ai-toolbox","Monitoring Exploration","Generic Learning & Exploration","NA","group:separation, utility","NA"
"5221785416749148414","https://github.com/pycaret/pycaret","pycaret","ML Development Framework","Non-generic application","Operation","utility","NA"
"10374921685552879173","https://github.com/DS3Lab/datascope","datascope","Detection Service","Non-generic application","Analysis","group:separation, utility","NA"
"3639650926841037385","https://github.com/nirdizati-research/predict-python","predict-python","Monitoring Service","Non-generic application","Analysis","utility","NA"
"10225173724552143241","https://github.com/dapivei/data-product-architecture-final-project","data-product-architecture-final-project","Monitoring Service","Non-generic application","Prediction","utility","NA"
"17639761020458821066","https://github.com/predictive-analytics-lab/positive-action-framework","positive-action-framework","Monitoring Exploration","Generic Learning & Exploration","NA","utility","NA"
"16807305747919764166","https://github.com/predictive-analytics-lab/conduit","conduit","Monitoring Exploration","Generic Learning & Exploration","NA","utility, group:sufficiency","NA"
"15237251685181430017","https://github.com/SD2E/test-harness","test-harness","Monitoring Exploration","Generic Learning & Exploration","NA","NA","pre:Data transformation:Disparate impact remover"
"1695830680112540424","https://github.com/Nathanlauga/transparentai-ui","transparentai-ui","Monitoring Exploration","Generic Learning & Exploration","NA","utility","NA"
"2835766711202840202","https://github.com/eunbeejang/privacy-fairness-tradeoffs","privacy-fairness-tradeoffs","Monitoring Exploration","Generic Learning & Exploration","NA","group:separation, group:independence, utility","NA"
"3157382448326196272","https://github.com/danibolanos/TFG-Ensuring_Fairness_in_ML","TFG-Ensuring_Fairness_in_ML","Bias Mitigation Tutorial","Generic Learning & Exploration","NA","utility","NA"
"1640578156623292996","https://github.com/martinagvilas/brainhackers-deloitte","brainhackers-deloitte","Bias Mitigation Tutorial","Generic Learning & Exploration","NA","utility","NA"
"16765766839756697139","https://github.com/nikikilbertus/fairensics","fairensics","Bias Mitigation Tutorial","Generic Learning & Exploration","NA","utility","NA"
"10574735769969325490","https://github.com/predictive-analytics-lab/fair-bolts","fair-bolts","Bias Mitigation Tutorial","Generic Learning & Exploration","NA","utility, group:sufficiency","NA"
"18032341827312894927","https://github.com/itomco/FairClassifierPipeline","FairClassifierPipeline","Bias Mitigation Tutorial","Generic Learning & Exploration","NA","group:separation, utility","NA"
"13578994614237159833","https://github.com/kjabe/tensorflow_model_analysis","tensorflow_model_analysis","Monitoring Exploration","Generic Learning & Exploration","NA","utility","NA"
"6928121347328628560","https://github.com/feedzai/fairbench","fairbench","Bias Mitigation Tutorial","Generic Learning & Exploration","NA","utility","in:Fairness constraints:Grid search reduction"
"12688278840838044280","https://github.com/predictive-analytics-lab/ethicml-models","ethicml-models","Bias Mitigation Tutorial","Generic Learning & Exploration","NA","utility, group:sufficiency","NA"
"8752716121794169255","https://github.com/Acornagain/fairlearn_regresion","fairlearn_regresion","Bias Mitigation Tutorial","Generic Learning & Exploration","NA","group:separation, group:independence, utility, group:sufficiency","post:Probabilistic label change:Equalized odds, in:Fairness constraints:Exponentiated gradient reduction, in:Fairness constraints:Grid search reduction"
"8398385592547632949","https://github.com/aideenf/machnamh","machnamh","Monitoring Exploration","Generic Learning & Exploration","NA","utility","NA"
"6498792398227113220","https://github.com/Acornagain/fair_regression_revised","fair_regression_revised","Bias Mitigation Tutorial","Generic Learning & Exploration","NA","group:separation, group:independence, utility, group:sufficiency","post:Probabilistic label change:Equalized odds, in:Fairness constraints:Exponentiated gradient reduction, in:Fairness constraints:Grid search reduction"
"16718694563574260701","https://github.com/dplecko/fairadapt","fairadapt","Bias Mitigation Tutorial","Generic Learning & Exploration","NA","utility","pre:Resampling:Reweighing"
